Standard & Poors 500 Index,Last: 4071.7,Change:  -4.87,,,,,,,,,,,,,,,,,,
"Date: 3 December 2022, 19:00 GMT-5",Bid: 4004.79,Ask: 4121.5801,Size: 1*1,Volume: 0,,,,,,,,,,,,,,,,
Weekdays,Expiration Date,Calls,Last Sale,Net,Bid,Ask,Volume,Delta,Gamma,Open Interest,Strike,Puts,Last Sale,Net,Bid,Ask,Volume,Delta,Gamma,Open Interest
Fri,Jan 20 2023,SPX230120C00200000,3879.65,0,3855.4,3870.2,0,1,0,1054,200,SPX230120P00200000,0.03,0,0,0.05,0,0,0,1877
Fri,Jan 20 2023,SPX230120C00400000,3611.1,0,3656.7,3671.3,0,1,0,703,400,SPX230120P00400000,0.05,0,0,0.05,0,0,0,8069
Fri,Jan 20 2023,SPX230120C00600000,3415.24,0,3458,3472.5,0,1,0,74,600,SPX230120P00600000,0.05,0,0,0.05,0,0,0,4095
Fri,Jan 20 2023,SPX230120C00800000,3221.9,0,3259.3,3273.6,0,1,0,64,800,SPX230120P00800000,0.05,0.025,0,0.05,140,0,0,11847
Fri,Jan 20 2023,SPX230120C01000000,3096.79,0,3063,3069.2,0,1,0,3563,1000,SPX230120P01000000,0.05,0,0,0.05,0,-0.0001,0,23978
Fri,Jan 20 2023,SPX230120C01200000,2794.49,0,2862,2875.9,0,1,0,149,1200,SPX230120P01200000,0.05,0,0,0.1,0,-0.0001,0,22761
Fri,Jan 20 2023,SPX230120C01400000,2600.78,0,2663.3,2677.1,0,1,0,250,1400,SPX230120P01400000,0.05,0,0,0.1,0,-0.0002,0,34761
Fri,Jan 20 2023,SPX230120C01500000,2463.62,0,2564,2577.7,0,1,0,5,1500,SPX230120P01500000,0.15,0,0.05,0.1,0,-0.0003,0,5617
Fri,Jan 20 2023,SPX230120C01600000,2364.57,0,2464.6,2478.3,0,1,0,56,1600,SPX230120P01600000,0.15,0,0.05,0.15,0,-0.0004,0,27048
Fri,Jan 20 2023,SPX230120C01700000,0,0,2365.3,2378.9,0,1,0,0,1700,SPX230120P01700000,0.2,0,0.05,0.15,0,-0.0004,0,26663
Fri,Jan 20 2023,SPX230120C01800000,2204.28,0,2266,2279.5,0,1,0,363,1800,SPX230120P01800000,0.15,-0.025,0.05,0.2,2,-0.0006,0,14107
Fri,Jan 20 2023,SPX230120C01900000,2119.67,0,2166.7,2180.1,0,1,0,2,1900,SPX230120P01900000,0.17,-0.03,0.15,0.25,32,-0.0007,0,23689
Fri,Jan 20 2023,SPX230120C02000000,2103.66,0,2069.5,2076,0,1,0,12727,2000,SPX230120P02000000,0.15,-0.125,0.15,0.3,2018,-0.0009,0,37426
Fri,Jan 20 2023,SPX230120C02100000,0,0,1968.1,1982,0,0.9999,0,0,2100,SPX230120P02100000,0.39,0,0.2,0.35,0,-0.0011,0,27574
Fri,Jan 20 2023,SPX230120C02200000,1646.22,0,1868.8,1882.7,0,0.9995,0,274,2200,SPX230120P02200000,0.72,0,0.25,0.4,0,-0.0014,0,16701
Fri,Jan 20 2023,SPX230120C02300000,1548.12,0,1769.6,1783.3,0,0.9991,0,36,2300,SPX230120P02300000,0.45,-0.075,0.35,0.5,47,-0.0019,0,21738
Fri,Jan 20 2023,SPX230120C02350000,0,0,1720,1733.7,0,0.9988,0,0,2350,SPX230120P02350000,0.7,0,0.45,0.6,0,-0.0021,0,4726
Fri,Jan 20 2023,SPX230120C02400000,0,0,1670.4,1684.1,0,0.9986,0,103,2400,SPX230120P02400000,0.57,-0.13,0.5,0.65,27,-0.0024,0,24971
Fri,Jan 20 2023,SPX230120C02450000,0,0,1620.8,1634.4,0,0.9982,0,0,2450,SPX230120P02450000,1.25,0,0.6,0.75,0,-0.0028,0,4070
Fri,Jan 20 2023,SPX230120C02500000,1366.02,0,1571.2,1584.8,0,0.9978,0,315,2500,SPX230120P02500000,0.75,-0.15,0.65,0.85,2030,-0.0032,0,25710
Fri,Jan 20 2023,SPX230120C02550000,0,0,1521.7,1535.2,0,0.9973,0,0,2550,SPX230120P02550000,0.95,0,0.8,0.95,0,-0.0036,0,5263
Fri,Jan 20 2023,SPX230120C02600000,1501.8,0,1474.1,1480.4,0,0.9968,0,5337,2600,SPX230120P02600000,0.95,-0.15,0.9,1.05,131,-0.0042,0,24254
Fri,Jan 20 2023,SPX230120C02625000,1477.05,0,1449.3,1455.4,0,0.9965,0,5260,2625,SPX230120P02625000,1.35,0,0.95,1.1,0,-0.0045,0,15980
Fri,Jan 20 2023,SPX230120C02650000,1280.16,0,1422.6,1436.1,0,0.9962,0,0,2650,SPX230120P02650000,1.05,-0.2,1.05,1.2,88,-0.0048,0,4715
Fri,Jan 20 2023,SPX230120C02700000,1337.73,0,1373,1386.5,0,0.9955,0,161,2700,SPX230120P02700000,1.18,-0.195,1.15,1.35,34,-0.0055,0,31713
Fri,Jan 20 2023,SPX230120C02725000,1312.98,0,1348.3,1361.7,0,0.9951,0,1,2725,SPX230120P02725000,1.73,0,1.25,1.4,0,-0.0059,0,4301
Fri,Jan 20 2023,SPX230120C02750000,0,0,1323.5,1336.9,0,0.9947,0,0,2750,SPX230120P02750000,1.85,0,1.3,1.5,0,-0.0063,0,15051
Fri,Jan 20 2023,SPX230120C02775000,0,0,1298.8,1312.1,0,0.9943,0,0,2775,SPX230120P02775000,1.5,-0.1,1.4,1.55,36,-0.0067,0,1906
Fri,Jan 20 2023,SPX230120C02800000,868.65,0,1274,1287.4,0,0.9938,0,54,2800,SPX230120P02800000,1.6,-0.1,1.45,1.65,67,-0.0072,0,26517
Fri,Jan 20 2023,SPX230120C02825000,0,0,1249.3,1262.6,0,0.9933,0,0,2825,SPX230120P02825000,1.58,-0.22,1.55,1.75,2,-0.0077,0,8123
Fri,Jan 20 2023,SPX230120C02850000,0,0,1224.5,1237.8,0,0.9928,0,0,2850,SPX230120P02850000,2.13,0,1.65,1.9,0,-0.0082,0,11929
Fri,Jan 20 2023,SPX230120C02875000,0,0,1199.8,1213.1,0,0.9922,0,0,2875,SPX230120P02875000,2.25,0,1.7,2,0,-0.0087,0,2162
Fri,Jan 20 2023,SPX230120C02900000,1083.86,0,1175.1,1188.3,0,0.9916,0,219,2900,SPX230120P02900000,1.91,-0.19,1.85,2.1,246,-0.0093,0,24167
Fri,Jan 20 2023,SPX230120C02925000,0,0,1150.3,1163.6,0,0.991,0,0,2925,SPX230120P02925000,2.2,0,1.95,2.2,27,-0.01,0,7636
Fri,Jan 20 2023,SPX230120C02950000,1209,0,1125.6,1138.8,0,0.9904,0,2,2950,SPX230120P02950000,2.15,-0.15,2.05,2.25,54,-0.0106,0,11503
Fri,Jan 20 2023,SPX230120C02975000,0,0,1100.9,1114.1,0,0.9896,0,0,2975,SPX230120P02975000,2.22,-0.205,2.15,2.35,15,-0.0113,0,3619
Fri,Jan 20 2023,SPX230120C03000000,963.42,0,1078,1084.5,0,0.9889,0,7746,3000,SPX230120P03000000,2.35,-0.175,2.3,2.55,75,-0.0121,0,35286
Fri,Jan 20 2023,SPX230120C03025000,740.98,0,1051.5,1064.6,0,0.9881,0.0001,3,3025,SPX230120P03025000,2.41,-0.265,2.4,2.65,10,-0.0129,0.0001,4626
Fri,Jan 20 2023,SPX230120C03050000,848.01,0,1026.8,1039.9,0,0.9872,0.0001,34,3050,SPX230120P03050000,3.09,0.29,2.55,2.75,1,-0.0137,0.0001,6316
Fri,Jan 20 2023,SPX230120C03060000,842.83,0,1016.9,1030,0,0.9869,0.0001,1,3060,SPX230120P03060000,5.2,0,2.6,2.8,0,-0.0141,0.0001,323
Fri,Jan 20 2023,SPX230120C03070000,833.28,0,1007,1020.1,0,0.9865,0.0001,1,3070,SPX230120P03070000,3.2,0,2.65,2.9,0,-0.0144,0.0001,923
Fri,Jan 20 2023,SPX230120C03075000,749,0,1002.1,1015.2,0,0.9863,0.0001,28,3075,SPX230120P03075000,2.75,-0.175,2.7,2.9,6,-0.0146,0.0001,5175
Fri,Jan 20 2023,SPX230120C03080000,0,0,997.1,1010.2,0,0.9861,0.0001,0,3080,SPX230120P03080000,3,0,2.7,2.95,113,-0.0148,0.0001,174
Fri,Jan 20 2023,SPX230120C03090000,0,0,987.3,1000.3,0,0.9858,0.0001,0,3090,SPX230120P03090000,5.1,0,2.8,3,0,-0.0152,0.0001,166
Fri,Jan 20 2023,SPX230120C03100000,875.63,0,977.4,990.5,0,0.9854,0.0001,43,3100,SPX230120P03100000,2.92,-0.18,2.85,3,257,-0.0156,0.0001,26326
Fri,Jan 20 2023,SPX230120C03110000,981,-12.4,967.5,980.6,1,0.985,0.0001,117,3110,SPX230120P03110000,3.56,0,2.9,3.2,0,-0.016,0.0001,948
Fri,Jan 20 2023,SPX230120C03120000,0,0,957.6,970.7,0,0.9845,0.0001,0,3120,SPX230120P03120000,3.56,0,3,3.2,0,-0.0165,0.0001,216
Fri,Jan 20 2023,SPX230120C03125000,637.75,0,952.7,965.8,0,0.9843,0.0001,7,3125,SPX230120P03125000,3.1,-0.2,3,3.3,8,-0.0167,0.0001,6377
Fri,Jan 20 2023,SPX230120C03130000,0,0,947.8,960.8,0,0.9841,0.0001,0,3130,SPX230120P03130000,5.4,0,3,3.3,0,-0.0169,0.0001,295
Fri,Jan 20 2023,SPX230120C03140000,0,0,937.9,950.9,0,0.9836,0.0001,0,3140,SPX230120P03140000,9.1,0,3.1,3.4,0,-0.0173,0.0001,314
Fri,Jan 20 2023,SPX230120C03150000,551.3,0,928,941.1,0,0.9832,0.0001,27,3150,SPX230120P03150000,3.23,-0.22,3.1,3.4,5,-0.0178,0.0001,7616
Fri,Jan 20 2023,SPX230120C03160000,0,0,918.2,931.2,0,0.9827,0.0001,0,3160,SPX230120P03160000,4.01,0,3.2,3.5,0,-0.0183,0.0001,947
Fri,Jan 20 2023,SPX230120C03170000,0,0,908.3,921.3,0,0.9822,0.0001,0,3170,SPX230120P03170000,3.97,0,3.3,3.6,0,-0.0187,0.0001,515
Fri,Jan 20 2023,SPX230120C03175000,0,0,903.4,916.4,0,0.982,0.0001,0,3175,SPX230120P03175000,3.9,0,3.4,3.7,0,-0.019,0.0001,1693
Fri,Jan 20 2023,SPX230120C03180000,0,0,898.5,911.4,0,0.9817,0.0001,0,3180,SPX230120P03180000,3.63,-0.07,3.4,3.7,1,-0.0193,0.0001,577
Fri,Jan 20 2023,SPX230120C03190000,0,0,888.6,901.6,0,0.9812,0.0001,0,3190,SPX230120P03190000,3.73,-0.07,3.4,3.7,250,-0.0198,0.0001,1441
Fri,Jan 20 2023,SPX230120C03200000,776.83,0,878.7,891.7,0,0.9807,0.0001,147,3200,SPX230120P03200000,3.8,-0.05,3.5,3.8,986,-0.0203,0.0001,19660
Fri,Jan 20 2023,SPX230120C03210000,0,0,868.9,881.9,0,0.9801,0.0001,0,3210,SPX230120P03210000,4.3,0,3.6,3.9,0,-0.0209,0.0001,1798
Fri,Jan 20 2023,SPX230120C03220000,0,0,859.1,872,0,0.9795,0.0001,0,3220,SPX230120P03220000,4.3,0.25,3.7,4,23,-0.0214,0.0001,257
Fri,Jan 20 2023,SPX230120C03225000,0,0,854.1,867.1,0,0.9792,0.0001,0,3225,SPX230120P03225000,3.8,-0.3,3.8,4.1,160,-0.0217,0.0001,3508
Fri,Jan 20 2023,SPX230120C03230000,0,0,849.2,862.2,0,0.979,0.0001,0,3230,SPX230120P03230000,7.2,0,3.8,4.1,0,-0.022,0.0001,537
Fri,Jan 20 2023,SPX230120C03240000,472.77,0,839.4,852.3,0,0.9783,0.0001,1,3240,SPX230120P03240000,4,-0.25,3.9,4.2,118,-0.0226,0.0001,1059
Fri,Jan 20 2023,SPX230120C03250000,741.63,0,829.5,842.5,0,0.9777,0.0001,50,3250,SPX230120P03250000,4.19,-0.16,4,4.3,399,-0.0233,0.0001,37324
Fri,Jan 20 2023,SPX230120C03260000,0,0,819.7,832.6,0,0.977,0.0001,0,3260,SPX230120P03260000,4.3,-0.15,4.1,4.4,184,-0.024,0.0001,1033
Fri,Jan 20 2023,SPX230120C03270000,0,0,809.9,822.8,0,0.9763,0.0001,0,3270,SPX230120P03270000,4.65,0.1,4.2,4.5,35,-0.0246,0.0001,783
Fri,Jan 20 2023,SPX230120C03275000,448.9,0,805,817.9,0,0.976,0.0001,7,3275,SPX230120P03275000,4.5,-0.1,4.2,4.6,45,-0.025,0.0001,1102
Fri,Jan 20 2023,SPX230120C03280000,0,0,800,812.9,0,0.9756,0.0001,0,3280,SPX230120P03280000,5.09,0.39,4.3,4.6,3,-0.0254,0.0001,2107
Fri,Jan 20 2023,SPX230120C03290000,0,0,790.2,803.1,0,0.9749,0.0001,0,3290,SPX230120P03290000,4.6,-0.2,4.4,4.7,9,-0.0261,0.0001,2087
Fri,Jan 20 2023,SPX230120C03300000,752.4,0,780.4,793.3,0,0.9741,0.0001,124,3300,SPX230120P03300000,4.73,-0.17,4.5,4.9,549,-0.0269,0.0001,17824
Fri,Jan 20 2023,SPX230120C03310000,0,0,770.6,783.5,0,0.9733,0.0001,0,3310,SPX230120P03310000,5.5,0,4.7,5,0,-0.0277,0.0001,451
Fri,Jan 20 2023,SPX230120C03320000,775.6,-11.15,760.8,773.7,1,0.9725,0.0001,3,3320,SPX230120P03320000,5.81,0,4.7,5.1,0,-0.0285,0.0001,3387
Fri,Jan 20 2023,SPX230120C03325000,0,0,755.9,768.7,0,0.972,0.0001,0,3325,SPX230120P03325000,5.1,-0.15,4.9,5.2,19,-0.0289,0.0001,6242
Fri,Jan 20 2023,SPX230120C03330000,735.32,0,751,763.9,0,0.9716,0.0001,1,3330,SPX230120P03330000,6.5,0,4.9,5.3,0,-0.0294,0.0001,1091
Fri,Jan 20 2023,SPX230120C03340000,690.6,0,741.2,754.1,0,0.9707,0.0001,2,3340,SPX230120P03340000,6.1,0,5,5.4,0,-0.0303,0.0001,1812
Fri,Jan 20 2023,SPX230120C03350000,643.97,0,731.4,744.2,0,0.9697,0.0002,212,3350,SPX230120P03350000,5.38,-0.22,5.3,5.6,2893,-0.0312,0.0002,24953
Fri,Jan 20 2023,SPX230120C03360000,671.2,0,721.6,734.5,0,0.9687,0.0002,2,3360,SPX230120P03360000,6.2,0.4,5.4,5.7,844,-0.0322,0.0002,3046
Fri,Jan 20 2023,SPX230120C03370000,425.38,0,711.9,724.7,0,0.9677,0.0002,0,3370,SPX230120P03370000,5.9,-0.05,5.6,5.9,1,-0.0333,0.0002,489
Fri,Jan 20 2023,SPX230120C03375000,424.78,0,707,719.8,0,0.9671,0.0002,5,3375,SPX230120P03375000,5.9,-0.15,5.7,6,10,-0.0338,0.0002,4003
Fri,Jan 20 2023,SPX230120C03380000,488.02,0,702.1,714.9,0,0.9666,0.0002,83,3380,SPX230120P03380000,6.8,0,5.7,6,0,-0.0344,0.0002,1375
Fri,Jan 20 2023,SPX230120C03385000,0,0,697.2,710,0,0.966,0.0002,0,3385,SPX230120P03385000,12.02,0,5.8,6.1,0,-0.035,0.0002,101
Fri,Jan 20 2023,SPX230120C03390000,698.57,0,692.4,705.1,0,0.9654,0.0002,1,3390,SPX230120P03390000,7,0,5.9,6.2,0,-0.0355,0.0002,4776
Fri,Jan 20 2023,SPX230120C03395000,0,0,687.5,700.3,0,0.9648,0.0002,0,3395,SPX230120P03395000,7.21,0,6,6.3,0,-0.0361,0.0002,39
Fri,Jan 20 2023,SPX230120C03400000,631.9,0,682.6,695.4,0,0.9642,0.0002,176,3400,SPX230120P03400000,6.27,-0.23,6.1,6.4,827,-0.0368,0.0002,59088
Fri,Jan 20 2023,SPX230120C03405000,615.09,0,677.8,690.5,0,0.9636,0.0002,2,3405,SPX230120P03405000,12.89,0,6.2,6.5,0,-0.0374,0.0002,142
Fri,Jan 20 2023,SPX230120C03410000,396.59,0,672.9,685.6,0,0.963,0.0002,39,3410,SPX230120P03410000,6.3,-0.4,6.3,6.6,3,-0.038,0.0002,688
Fri,Jan 20 2023,SPX230120C03415000,0,0,668,680.8,0,0.9623,0.0002,0,3415,SPX230120P03415000,7.7,0,6.4,6.7,0,-0.0387,0.0002,865
Fri,Jan 20 2023,SPX230120C03420000,0,0,663.2,675.9,0,0.9616,0.0002,0,3420,SPX230120P03420000,7.1,0.15,6.5,6.8,12,-0.0393,0.0002,849
Fri,Jan 20 2023,SPX230120C03425000,560.33,0,658.3,671,0,0.961,0.0002,1,3425,SPX230120P03425000,7.92,0,6.6,6.9,0,-0.04,0.0002,3612
Fri,Jan 20 2023,SPX230120C03430000,0,0,653.5,666.2,0,0.9602,0.0002,0,3430,SPX230120P03430000,8.1,0,6.7,7,0,-0.0407,0.0002,372
Fri,Jan 20 2023,SPX230120C03435000,0,0,648.6,661.3,0,0.9595,0.0002,0,3435,SPX230120P03435000,10.5,0,6.8,7.1,0,-0.0414,0.0002,2731
Fri,Jan 20 2023,SPX230120C03440000,432.7,0,643.8,656.5,0,0.9588,0.0002,52,3440,SPX230120P03440000,7.05,-0.35,7,7.3,1,-0.0422,0.0002,891
Fri,Jan 20 2023,SPX230120C03445000,0,0,638.9,651.6,0,0.958,0.0002,0,3445,SPX230120P03445000,8.6,0,7.1,7.4,0,-0.0429,0.0002,176
Fri,Jan 20 2023,SPX230120C03450000,370.91,0,634.1,646.8,0,0.9572,0.0002,109,3450,SPX230120P03450000,7.48,-0.17,7.2,7.5,237,-0.0437,0.0002,19248
Fri,Jan 20 2023,SPX230120C03455000,0,0,629.2,641.9,0,0.9565,0.0002,0,3455,SPX230120P03455000,9.13,1.33,7.3,7.6,1,-0.0445,0.0002,400
Fri,Jan 20 2023,SPX230120C03460000,0,0,624.4,637.1,0,0.9556,0.0002,0,3460,SPX230120P03460000,8.55,0.6,7.4,7.8,7,-0.0453,0.0002,533
Fri,Jan 20 2023,SPX230120C03465000,605.97,0,619.6,628.7,0,0.9548,0.0002,4,3465,SPX230120P03465000,8.22,0.17,7.6,7.9,1,-0.0462,0.0002,1191
Fri,Jan 20 2023,SPX230120C03470000,377.27,0,615,624.1,0,0.954,0.0002,5,3470,SPX230120P03470000,7.75,-0.45,7.8,8,12,-0.047,0.0002,695
Fri,Jan 20 2023,SPX230120C03475000,349.83,0,610.2,619.3,0,0.9531,0.0002,103,3475,SPX230120P03475000,7.95,-0.4,7.9,8.2,7,-0.0479,0.0002,3080
Fri,Jan 20 2023,SPX230120C03480000,419.29,0,605.2,614.2,0,0.9522,0.0002,1,3480,SPX230120P03480000,8.7,0.2,8,8.3,167,-0.0488,0.0002,812
Fri,Jan 20 2023,SPX230120C03485000,0,0,600.6,609.6,0,0.9513,0.0003,0,3485,SPX230120P03485000,8.7,0.05,8.2,8.5,73,-0.0497,0.0003,1531
Fri,Jan 20 2023,SPX230120C03490000,362.34,0,595.6,604.6,0,0.9503,0.0003,95,3490,SPX230120P03490000,8.75,-0.1,8.2,8.6,5,-0.0507,0.0003,5105
Fri,Jan 20 2023,SPX230120C03495000,286.32,0,590.8,599.8,0,0.9493,0.0003,1,3495,SPX230120P03495000,8.6,-0.35,8.5,8.8,82,-0.0516,0.0003,684
Fri,Jan 20 2023,SPX230120C03500000,497.41,0,586,594.9,0,0.9484,0.0003,213,3500,SPX230120P03500000,8.8,-0.35,8.7,8.9,2168,-0.0526,0.0003,41390
Fri,Jan 20 2023,SPX230120C03505000,377.93,0,581.2,590.1,0,0.9473,0.0003,2,3505,SPX230120P03505000,8.75,-0.55,8.7,9.2,2,-0.0536,0.0003,1038
Fri,Jan 20 2023,SPX230120C03510000,561.26,0,576.4,585.3,0,0.9463,0.0003,65,3510,SPX230120P03510000,9.6,0.1,8.9,9.3,5,-0.0547,0.0003,500
Fri,Jan 20 2023,SPX230120C03515000,0,0,571.6,580.5,0,0.9452,0.0003,0,3515,SPX230120P03515000,10.2,0.55,9.2,9.4,1,-0.0558,0.0003,461
Fri,Jan 20 2023,SPX230120C03520000,0,0,566.7,579.3,0,0.9441,0.0003,0,3520,SPX230120P03520000,11.1,0,9.3,9.6,0,-0.0568,0.0003,436
Fri,Jan 20 2023,SPX230120C03525000,492.67,0,561.9,574.5,0,0.943,0.0003,1396,3525,SPX230120P03525000,10.67,0.62,9.4,9.9,7,-0.058,0.0003,5474
Fri,Jan 20 2023,SPX230120C03530000,302.66,0,557.5,566.3,0,0.9418,0.0003,3,3530,SPX230120P03530000,10.7,0.45,9.6,10,52,-0.0591,0.0003,435
Fri,Jan 20 2023,SPX230120C03535000,0,0,552.5,561.3,0,0.9407,0.0003,0,3535,SPX230120P03535000,10.4,-0.05,9.9,10.2,45,-0.0603,0.0003,1998
Fri,Jan 20 2023,SPX230120C03540000,453.59,0,547.6,560.1,0,0.9395,0.0003,31,3540,SPX230120P03540000,11.55,0.9,10.1,10.4,1,-0.0615,0.0003,1814
Fri,Jan 20 2023,SPX230120C03545000,0,0,543.2,552,0,0.9382,0.0003,0,3545,SPX230120P03545000,11.4,0,10.2,10.6,0,-0.0627,0.0003,301
Fri,Jan 20 2023,SPX230120C03550000,468.92,0,538.5,547.2,0,0.937,0.0003,390,3550,SPX230120P03550000,10.92,-0.13,10.4,10.9,3073,-0.064,0.0003,18072
Fri,Jan 20 2023,SPX230120C03555000,194.58,0,533.3,545.8,0,0.9357,0.0003,1,3555,SPX230120P03555000,11.3,0,10.7,11.1,45,-0.0653,0.0003,421
Fri,Jan 20 2023,SPX230120C03560000,257,0,529,537.7,0,0.9343,0.0003,2,3560,SPX230120P03560000,12.8,0,10.8,11.3,0,-0.0666,0.0003,1089
Fri,Jan 20 2023,SPX230120C03565000,0,0,524,532.7,0,0.933,0.0004,0,3565,SPX230120P03565000,12.85,0,11.2,11.5,0,-0.068,0.0004,1083
Fri,Jan 20 2023,SPX230120C03570000,184,0,519.3,528,0,0.9316,0.0004,26,3570,SPX230120P03570000,12.84,0.84,11.3,11.8,1,-0.0694,0.0004,299
Fri,Jan 20 2023,SPX230120C03575000,498.27,-42.28,514.8,523.4,1,0.9302,0.0004,242,3575,SPX230120P03575000,11.95,-0.3,11.6,12,14,-0.0708,0.0004,4044
Fri,Jan 20 2023,SPX230120C03580000,509.8,0,510.1,518.7,0,0.9287,0.0004,201,3580,SPX230120P03580000,13.8,0,11.9,12.2,0,-0.0723,0.0004,2295
Fri,Jan 20 2023,SPX230120C03585000,521.91,0,505.4,514,0,0.9272,0.0004,46,3585,SPX230120P03585000,16.9,0,12,12.5,0,-0.0738,0.0004,230
Fri,Jan 20 2023,SPX230120C03590000,223.85,0,500.7,509.2,0,0.9256,0.0004,5,3590,SPX230120P03590000,12.79,-0.26,12.3,12.8,16,-0.0753,0.0004,1172
Fri,Jan 20 2023,SPX230120C03595000,0,0,496,504.5,0,0.9241,0.0004,0,3595,SPX230120P03595000,12.7,-0.65,12.7,13,21,-0.0769,0.0004,1772
Fri,Jan 20 2023,SPX230120C03600000,502.54,0,492.7,497.8,0,0.9225,0.0004,5515,3600,SPX230120P03600000,13.06,-0.54,13,13.3,584,-0.0785,0.0004,28444
Fri,Jan 20 2023,SPX230120C03605000,400.98,0,486.7,495.1,0,0.9208,0.0004,6,3605,SPX230120P03605000,14.5,0.6,13.1,13.6,1,-0.0801,0.0004,330
Fri,Jan 20 2023,SPX230120C03610000,307.38,0,481.5,493.9,0,0.9192,0.0004,56,3610,SPX230120P03610000,12.85,-1.3,13.5,13.9,100,-0.0818,0.0004,718
Fri,Jan 20 2023,SPX230120C03615000,202.62,0,477.4,485.7,0,0.9174,0.0004,10,3615,SPX230120P03615000,16.85,0,13.7,14.2,0,-0.0835,0.0004,2025
Fri,Jan 20 2023,SPX230120C03620000,298,0,472.5,480.8,0,0.9157,0.0004,34,3620,SPX230120P03620000,13.45,-1.4,14,14.5,3,-0.0853,0.0004,613
Fri,Jan 20 2023,SPX230120C03625000,364.71,0,468.1,476.4,0,0.9139,0.0004,276,3625,SPX230120P03625000,14.27,-0.88,14.4,14.8,773,-0.0871,0.0004,6003
Fri,Jan 20 2023,SPX230120C03630000,194.15,0,463.5,471.7,0,0.912,0.0004,103,3630,SPX230120P03630000,14.62,-0.83,14.8,15.1,11,-0.0889,0.0004,214
Fri,Jan 20 2023,SPX230120C03635000,327,0,458.6,466.8,0,0.9102,0.0004,20,3635,SPX230120P03635000,18.45,2.7,15.1,15.5,1,-0.0908,0.0004,1445
Fri,Jan 20 2023,SPX230120C03640000,234.62,0,454,462.2,0,0.9082,0.0005,232,3640,SPX230120P03640000,17.95,1.8,15.3,15.8,10,-0.0928,0.0005,663
Fri,Jan 20 2023,SPX230120C03645000,230.79,0,449.6,457.8,0,0.9063,0.0005,29,3645,SPX230120P03645000,17.87,1.42,15.8,16.2,12,-0.0947,0.0005,503
Fri,Jan 20 2023,SPX230120C03650000,445.66,-24.89,446.3,451.3,6,0.9042,0.0005,5029,3650,SPX230120P03650000,15.92,-0.93,16.2,16.5,252,-0.0967,0.0005,17311
Fri,Jan 20 2023,SPX230120C03655000,269.7,0,440.5,448.5,0,0.9022,0.0005,2,3655,SPX230120P03655000,16.27,-0.98,16.5,16.9,14,-0.0988,0.0005,1249
Fri,Jan 20 2023,SPX230120C03660000,353.2,0,435.9,443.9,0,0.9001,0.0005,99,3660,SPX230120P03660000,17.96,0.36,16.9,17.3,2,-0.1009,0.0005,1337
Fri,Jan 20 2023,SPX230120C03665000,355.3,0,431.1,439.1,0,0.898,0.0005,10,3665,SPX230120P03665000,17.63,-0.37,17.3,17.7,22,-0.103,0.0005,146
Fri,Jan 20 2023,SPX230120C03670000,221.31,0,426.8,434.7,0,0.8958,0.0005,13,3670,SPX230120P03670000,17.15,-1.25,17.7,18.1,187,-0.1052,0.0005,1374
Fri,Jan 20 2023,SPX230120C03675000,349.3,0,422.2,430.1,0,0.8935,0.0005,1872,3675,SPX230120P03675000,17.89,-0.91,18.1,18.5,1259,-0.1074,0.0005,5717
Fri,Jan 20 2023,SPX230120C03680000,169.73,0,418.7,425.6,0,0.8912,0.0005,37,3680,SPX230120P03680000,21.52,2.32,18.5,18.9,6,-0.1097,0.0005,500
Fri,Jan 20 2023,SPX230120C03685000,393.5,-44.2,414.2,422.3,1,0.8889,0.0005,53,3685,SPX230120P03685000,22.69,3.09,18.9,19.4,5,-0.1121,0.0005,1575
Fri,Jan 20 2023,SPX230120C03690000,386,0,409.6,416.5,0,0.8865,0.0006,50,3690,SPX230120P03690000,25.2,5.1,19.2,19.8,7,-0.1144,0.0006,799
Fri,Jan 20 2023,SPX230120C03695000,323.9,0,405.1,413.3,0,0.8841,0.0006,25,3695,SPX230120P03695000,21.34,0.79,19.6,20.3,3,-0.1169,0.0006,420
Fri,Jan 20 2023,SPX230120C03700000,392.1,-33.45,401.4,405.1,5,0.8816,0.0006,11718,3700,SPX230120P03700000,20.41,-0.59,20.3,20.7,3087,-0.1194,0.0006,21447
Fri,Jan 20 2023,SPX230120C03705000,400.73,0,396.1,402.9,0,0.8791,0.0006,487,3705,SPX230120P03705000,20.28,-1.17,20.6,21.2,1,-0.1219,0.0006,457
Fri,Jan 20 2023,SPX230120C03710000,396.28,0,391.6,398.4,0,0.8765,0.0006,5,3710,SPX230120P03710000,24,2,21.1,21.7,3,-0.1245,0.0006,2067
Fri,Jan 20 2023,SPX230120C03715000,329.5,0,387.1,393.9,0,0.8739,0.0006,90,3715,SPX230120P03715000,22.55,0.15,21.6,22.2,144,-0.1271,0.0006,284
Fri,Jan 20 2023,SPX230120C03720000,326.7,0,382.6,391.5,0,0.8712,0.0006,74,3720,SPX230120P03720000,24.73,0,22.1,22.8,0,-0.1298,0.0006,357
Fri,Jan 20 2023,SPX230120C03725000,360.01,0,378.1,384.9,0,0.8684,0.0006,2024,3725,SPX230120P03725000,21.95,-1.5,22.6,23.3,625,-0.1325,0.0006,4890
Fri,Jan 20 2023,SPX230120C03730000,304.81,0,373.7,380.5,0,0.8657,0.0006,119,3730,SPX230120P03730000,26,2,23.2,23.8,151,-0.1353,0.0006,1892
Fri,Jan 20 2023,SPX230120C03735000,349.75,-44.55,369.1,375.8,1,0.8628,0.0006,259,3735,SPX230120P03735000,30.77,6.42,23.7,24.4,2,-0.1382,0.0006,229
Fri,Jan 20 2023,SPX230120C03740000,342.44,-47.46,364.7,374,1,0.8599,0.0006,59,3740,SPX230120P03740000,28.3,3.25,24.3,24.9,11,-0.141,0.0006,228
Fri,Jan 20 2023,SPX230120C03745000,207.8,0,360.2,369.6,0,0.857,0.0007,275,3745,SPX230120P03745000,24.83,-0.82,24.8,25.5,17,-0.144,0.0007,311
Fri,Jan 20 2023,SPX230120C03750000,350.23,-30.92,357.2,360.9,3,0.854,0.0007,12647,3750,SPX230120P03750000,25.35,-0.7,25.5,26.1,690,-0.147,0.0007,19359
Fri,Jan 20 2023,SPX230120C03755000,283.53,0,351.5,358.4,0,0.8509,0.0007,508,3755,SPX230120P03755000,27.1,0.5,26.2,26.7,458,-0.1501,0.0007,2451
Fri,Jan 20 2023,SPX230120C03760000,362.9,0,347.1,356.6,0,0.8478,0.0007,362,3760,SPX230120P03760000,26.8,-0.6,26.7,27.3,26,-0.1532,0.0007,919
Fri,Jan 20 2023,SPX230120C03765000,297.7,0,342.7,349.7,0,0.8446,0.0007,82,3765,SPX230120P03765000,30.34,2.29,27.3,28,1,-0.1564,0.0007,210
Fri,Jan 20 2023,SPX230120C03770000,317.21,-46.49,338.4,345.1,2,0.8414,0.0007,175,3770,SPX230120P03770000,32.5,3.85,28.1,28.6,2,-0.1596,0.0007,319
Fri,Jan 20 2023,SPX230120C03775000,348.9,-10.5,334.1,341,3,0.838,0.0007,1703,3775,SPX230120P03775000,28.49,-0.76,28.8,29.3,61,-0.1629,0.0007,4671
Fri,Jan 20 2023,SPX230120C03780000,348.57,0,329.8,336.7,0,0.8347,0.0007,93,3780,SPX230120P03780000,29.55,-0.4,29.5,30,45,-0.1663,0.0007,284
Fri,Jan 20 2023,SPX230120C03785000,275.97,0,325.5,332.2,0,0.8313,0.0008,344,3785,SPX230120P03785000,30.9,0.25,30,30.8,8,-0.1697,0.0008,345
Fri,Jan 20 2023,SPX230120C03790000,278.1,0,321.2,328.1,0,0.8278,0.0008,486,3790,SPX230120P03790000,31.3,0,30.9,31.4,6,-0.1732,0.0008,489
Fri,Jan 20 2023,SPX230120C03795000,233.23,0,317,323.8,0,0.8243,0.0008,249,3795,SPX230120P03795000,36.95,4.95,31.5,32.1,5,-0.1767,0.0008,110
Fri,Jan 20 2023,SPX230120C03800000,294.4,-43.5,314,318.1,15,0.8207,0.0008,17301,3800,SPX230120P03800000,32.6,-0.1,32.3,32.9,3981,-0.1803,0.0008,26060
Fri,Jan 20 2023,SPX230120C03805000,291.6,0,308.3,318.5,0,0.817,0.0008,67,3805,SPX230120P03805000,32.38,-0.82,33,33.6,7,-0.1839,0.0008,298
Fri,Jan 20 2023,SPX230120C03810000,284.63,-44.87,304.3,310.9,1,0.8133,0.0008,130,3810,SPX230120P03810000,33.97,-0.18,33.7,34.4,13,-0.1876,0.0008,2370
Fri,Jan 20 2023,SPX230120C03815000,330.04,0,299.9,310.2,0,0.8096,0.0008,234,3815,SPX230120P03815000,35.8,1.1,34.5,35.2,30,-0.1914,0.0008,313
Fri,Jan 20 2023,SPX230120C03820000,221.25,0,296.1,302.6,0,0.8057,0.0008,350,3820,SPX230120P03820000,40.7,5.2,35.3,36,2,-0.1953,0.0008,375
Fri,Jan 20 2023,SPX230120C03825000,294.33,-22.62,293,297.2,20,0.8018,0.0008,1978,3825,SPX230120P03825000,35.91,-0.59,36.3,36.9,33,-0.1992,0.0008,7547
Fri,Jan 20 2023,SPX230120C03830000,271.8,0,288,294.4,0,0.7978,0.0009,780,3830,SPX230120P03830000,39.22,0,37,37.9,0,-0.2031,0.0009,396
Fri,Jan 20 2023,SPX230120C03835000,207.22,0,283.9,290.2,0,0.7938,0.0009,6,3835,SPX230120P03835000,42.89,4.79,38,38.6,6,-0.2071,0.0009,162
Fri,Jan 20 2023,SPX230120C03840000,282.77,-21.73,279.8,286,1,0.7897,0.0009,503,3840,SPX230120P03840000,39.4,0.4,38.9,39.5,2,-0.2112,0.0009,961
Fri,Jan 20 2023,SPX230120C03845000,205.36,0,275.8,282,0,0.7856,0.0009,9,3845,SPX230120P03845000,40.1,0.3,39.7,40.4,2,-0.2154,0.0009,102
Fri,Jan 20 2023,SPX230120C03850000,265.16,-31.14,272.4,276.9,11,0.7814,0.0009,6781,3850,SPX230120P03850000,41,0.4,40.7,41.4,372,-0.2196,0.0009,17583
Fri,Jan 20 2023,SPX230120C03855000,199.25,0,267.8,273.8,0,0.7771,0.0009,33,3855,SPX230120P03855000,41.7,0.4,41.6,42.3,7,-0.2239,0.0009,65
Fri,Jan 20 2023,SPX230120C03860000,213.5,0,262.9,273,0,0.7728,0.0009,1259,3860,SPX230120P03860000,42.9,0.55,42.6,43.3,28,-0.2282,0.0009,381
Fri,Jan 20 2023,SPX230120C03865000,244,0,259.9,265.8,0,0.7684,0.001,23,3865,SPX230120P03865000,43.9,0.6,43.5,44.3,95,-0.2326,0.001,104
Fri,Jan 20 2023,SPX230120C03870000,187.28,0,254.6,265.1,0,0.7639,0.001,89,3870,SPX230120P03870000,44.9,0.75,44.5,45.2,13,-0.2371,0.001,242
Fri,Jan 20 2023,SPX230120C03875000,254.03,-22.02,252.7,257,15,0.7593,0.001,3498,3875,SPX230120P03875000,45.9,0.7,45.5,46.3,151,-0.2416,0.001,4133
Fri,Jan 20 2023,SPX230120C03880000,250.82,-21.23,249.8,252,1,0.7547,0.001,123,3880,SPX230120P03880000,46.9,0.65,46.5,47.3,8,-0.2462,0.001,681
Fri,Jan 20 2023,SPX230120C03885000,229.5,0,245.9,248.1,0,0.75,0.001,1,3885,SPX230120P03885000,48,0.65,47.6,48.4,1,-0.2509,0.001,46
Fri,Jan 20 2023,SPX230120C03890000,172.79,0,242,244.2,0,0.7453,0.001,208,3890,SPX230120P03890000,49.1,0.85,48.7,49.5,50,-0.2557,0.001,471
Fri,Jan 20 2023,SPX230120C03895000,177.43,0,238.1,240.5,0,0.7405,0.001,5,3895,SPX230120P03895000,50.2,0.95,49.8,50.6,2,-0.2605,0.001,8
Fri,Jan 20 2023,SPX230120C03900000,242.97,-13.13,234.3,236.5,1013,0.7356,0.001,13340,3900,SPX230120P03900000,51.1,1,50.9,51.7,2125,-0.2653,0.001,23086
Fri,Jan 20 2023,SPX230120C03905000,0,0,230.5,232.7,0,0.7307,0.0011,0,3905,SPX230120P03905000,50.4,-0.8,52,52.8,70,-0.2703,0.0011,17
Fri,Jan 20 2023,SPX230120C03910000,232,0,226.6,229,0,0.7257,0.0011,164,3910,SPX230120P03910000,53.1,0.8,53.2,54,2,-0.2753,0.0011,315
Fri,Jan 20 2023,SPX230120C03915000,156.37,0,222.8,225.2,0,0.7206,0.0011,15,3915,SPX230120P03915000,54.3,0.8,54.4,55.2,8,-0.2803,0.0011,11
Fri,Jan 20 2023,SPX230120C03920000,212.29,-28.56,219.1,221.3,1,0.7155,0.0011,340,3920,SPX230120P03920000,53.8,-0.65,55.6,56.4,53,-0.2855,0.0011,657
Fri,Jan 20 2023,SPX230120C03925000,226.02,0,215.3,217.6,0,0.7103,0.0011,2754,3925,SPX230120P03925000,55.88,0.18,56.7,57.6,1565,-0.2907,0.0011,2958
Fri,Jan 20 2023,SPX230120C03930000,226.8,0,211.6,213.9,0,0.705,0.0011,216,3930,SPX230120P03930000,57.9,1,58,58.9,8,-0.2959,0.0011,373
Fri,Jan 20 2023,SPX230120C03935000,143.4,0,207.9,210.2,0,0.6997,0.0011,11,3935,SPX230120P03935000,59.1,1,59.2,60.3,6,-0.3013,0.0011,75
Fri,Jan 20 2023,SPX230120C03940000,219.6,0,204.2,206.4,0,0.6943,0.0012,297,3940,SPX230120P03940000,59.5,0.1,60.5,61.4,192,-0.3067,0.0012,380
Fri,Jan 20 2023,SPX230120C03945000,190.55,-31.35,200.5,202.9,1,0.6888,0.0012,48,3945,SPX230120P03945000,61.7,1.35,61.7,62.8,17,-0.3121,0.0012,85
Fri,Jan 20 2023,SPX230120C03950000,196.37,-21.53,196.9,199.2,9,0.6833,0.0012,10525,3950,SPX230120P03950000,64.96,2.76,63,64.1,445,-0.3177,0.0012,12263
Fri,Jan 20 2023,SPX230120C03955000,185.47,-29.13,193.3,195.6,2,0.6777,0.0012,20,3955,SPX230120P03955000,64.4,0.65,64.4,65.5,15,-0.3233,0.0012,9
Fri,Jan 20 2023,SPX230120C03960000,189.22,-21.58,189.7,192,1,0.672,0.0012,358,3960,SPX230120P03960000,65.6,3.37,65.8,66.9,14,-0.3289,0.0012,392
Fri,Jan 20 2023,SPX230120C03965000,133.03,0,186.1,188.5,0,0.6663,0.0012,302,3965,SPX230120P03965000,67.1,1.15,67.2,68.3,115,-0.3347,0.0012,101
Fri,Jan 20 2023,SPX230120C03970000,166.6,-36.6,182.6,184.9,1,0.6605,0.0012,756,3970,SPX230120P03970000,68.4,1.15,68.6,69.7,19,-0.3405,0.0012,266
Fri,Jan 20 2023,SPX230120C03975000,186.03,-13.82,179.1,181.4,8,0.6546,0.0012,1173,3975,SPX230120P03975000,68.9,3.67,70,71.2,218,-0.3463,0.0012,3584
Fri,Jan 20 2023,SPX230120C03980000,161.6,0,175.6,177.9,0,0.6487,0.0012,405,3980,SPX230120P03980000,71.54,1.34,71.4,72.7,60,-0.3522,0.0012,723
Fri,Jan 20 2023,SPX230120C03985000,185.3,0,172.1,174.5,0,0.6427,0.0013,171,3985,SPX230120P03985000,72.9,1.3,73,74.2,27,-0.3582,0.0013,210
Fri,Jan 20 2023,SPX230120C03990000,181.93,0,168.7,171,0,0.6367,0.0013,658,3990,SPX230120P03990000,73,-0.05,74.5,75.7,30,-0.3643,0.0013,890
Fri,Jan 20 2023,SPX230120C03995000,193.82,0,165.3,167.6,0,0.6305,0.0013,90,3995,SPX230120P03995000,73.8,-0.45,76.1,77.4,15,-0.3704,0.0013,15
Fri,Jan 20 2023,SPX230120C04000000,163.76,-18.14,161.9,164.2,2817,0.6244,0.0013,77829,4000,SPX230120P04000000,78.47,2.12,77.7,79,3310,-0.3766,0.0013,74611
Fri,Jan 20 2023,SPX230120C04005000,174.18,0,158.6,160.8,0,0.6181,0.0013,5,4005,SPX230120P04005000,80.07,2.82,79.3,80.6,1,-0.3829,0.0013,32
Fri,Jan 20 2023,SPX230120C04010000,163.37,-11.63,155.2,157.5,5,0.6118,0.0013,356,4010,SPX230120P04010000,82.24,3.44,80.9,82.2,200,-0.3892,0.0013,436
Fri,Jan 20 2023,SPX230120C04015000,135.68,-35.92,151.9,154.2,2,0.6054,0.0013,7,4015,SPX230120P04015000,101.18,20.83,82.6,83.9,1,-0.3956,0.0013,110
Fri,Jan 20 2023,SPX230120C04020000,149.82,-18.38,148.7,151,1,0.599,0.0013,414,4020,SPX230120P04020000,85.17,3.27,84.3,85.7,107,-0.402,0.0013,281
Fri,Jan 20 2023,SPX230120C04025000,152.01,-13.04,145.5,147.8,11,0.5925,0.0013,2554,4025,SPX230120P04025000,87.87,4.02,86,87.3,180,-0.4085,0.0013,1215
Fri,Jan 20 2023,SPX230120C04030000,134.74,-26.81,142.3,144.6,2,0.5859,0.0014,523,4030,SPX230120P04030000,86.92,1.97,87.8,89.1,14,-0.4151,0.0014,476
Fri,Jan 20 2023,SPX230120C04035000,97.4,0,139.1,141.4,0,0.5793,0.0014,8,4035,SPX230120P04035000,96.03,8.63,89.6,91,2,-0.4217,0.0014,101
Fri,Jan 20 2023,SPX230120C04040000,132.58,-22.42,136,138.3,2,0.5726,0.0014,690,4040,SPX230120P04040000,100.43,11.33,91.4,92.8,11,-0.4284,0.0014,622
Fri,Jan 20 2023,SPX230120C04045000,128.29,-23.46,132.9,135.2,1,0.5659,0.0014,10,4045,SPX230120P04045000,94.2,4.15,93.3,94.7,1,-0.4351,0.0014,26
Fri,Jan 20 2023,SPX230120C04050000,132.57,-15.98,129.8,132.1,1779,0.5591,0.0014,8341,4050,SPX230120P04050000,94.93,3.18,95.2,96.6,1596,-0.4419,0.0014,6587
Fri,Jan 20 2023,SPX230120C04055000,124.1,-21.45,126.8,129.1,2,0.5522,0.0014,314,4055,SPX230120P04055000,97.93,4.38,97.1,98.5,5,-0.4488,0.0014,2226
Fri,Jan 20 2023,SPX230120C04060000,126.4,-15.8,123.8,126.1,8,0.5453,0.0014,1067,4060,SPX230120P04060000,98,2.15,99.1,100.5,24,-0.4557,0.0014,795
Fri,Jan 20 2023,SPX230120C04065000,114.78,-24.32,120.8,123.1,8,0.5384,0.0014,65,4065,SPX230120P04065000,104.66,6.71,101.1,102.5,1,-0.4626,0.0014,192
Fri,Jan 20 2023,SPX230120C04070000,119.17,-17.03,117.9,120.2,138,0.5313,0.0014,521,4070,SPX230120P04070000,102.84,3.69,103.2,104.5,3,-0.4696,0.0014,124
Fri,Jan 20 2023,SPX230120C04075000,115.98,-17.02,115.3,117.1,2523,0.5243,0.0014,2383,4075,SPX230120P04075000,107.29,6.14,105.2,106.6,275,-0.4767,0.0014,670
Fri,Jan 20 2023,SPX230120C04080000,107.72,-22.28,112.4,114.2,64,0.5172,0.0014,359,4080,SPX230120P04080000,107.7,4.7,107.3,108.8,622,-0.4838,0.0014,330
Fri,Jan 20 2023,SPX230120C04085000,106,-21.1,109.6,111.4,118,0.51,0.0014,4,4085,SPX230120P04085000,114.75,9.8,109.4,110.9,66,-0.491,0.0014,13
Fri,Jan 20 2023,SPX230120C04090000,97.8,-26.3,106.8,108.6,1,0.5028,0.0014,361,4090,SPX230120P04090000,118.08,11.08,111.6,113.1,15,-0.4982,0.0014,82
Fri,Jan 20 2023,SPX230120C04095000,106.64,-14.16,104.4,105.9,81,0.4956,0.0014,2,4095,SPX230120P04095000,112.96,3.91,113.9,115.4,24,-0.5054,0.0014,2
Fri,Jan 20 2023,SPX230120C04100000,103,-14.75,101.7,103.2,426,0.4883,0.0014,27491,4100,SPX230120P04100000,115.35,4.2,116,118,91,-0.5127,0.0014,14904
Fri,Jan 20 2023,SPX230120C04105000,99.6,-15.65,99.1,100.5,289,0.481,0.0015,101,4105,SPX230120P04105000,119.2,6.6,118.3,120.3,281,-0.52,0.0015,93
Fri,Jan 20 2023,SPX230120C04110000,110.25,0,96.4,97.9,0,0.4736,0.0015,338,4110,SPX230120P04110000,125.33,9.88,120.6,122.7,53,-0.5274,0.0015,225
Fri,Jan 20 2023,SPX230120C04115000,83.1,-26.4,93.8,95.3,25,0.4662,0.0015,33,4115,SPX230120P04115000,120.25,0,123,125.1,0,-0.5347,0.0015,8
Fri,Jan 20 2023,SPX230120C04120000,92.28,-15.32,91.3,92.6,1,0.4588,0.0015,281,4120,SPX230120P04120000,126.44,6.29,125.4,127.5,3,-0.5422,0.0015,88
Fri,Jan 20 2023,SPX230120C04125000,85.5,-18.6,88.7,90.1,315,0.4514,0.0015,1734,4125,SPX230120P04125000,136.08,13.13,127.9,130,1,-0.5496,0.0015,438
Fri,Jan 20 2023,SPX230120C04130000,80.3,-21.6,86.3,87.7,1,0.4439,0.0015,200,4130,SPX230120P04130000,131.34,6.94,130.4,132.6,6,-0.5571,0.0015,128
Fri,Jan 20 2023,SPX230120C04135000,86.6,-12.35,83.8,85.2,2,0.4364,0.0015,208,4135,SPX230120P04135000,133.6,0,132.8,135.1,0,-0.5646,0.0015,10
Fri,Jan 20 2023,SPX230120C04140000,80.5,-16.65,81.4,82.6,92,0.4289,0.0015,415,4140,SPX230120P04140000,135.6,0,135.5,137.7,0,-0.5721,0.0015,86
Fri,Jan 20 2023,SPX230120C04145000,89.51,0,79,80.3,0,0.4213,0.0015,43,4145,SPX230120P04145000,138.9,0,138.2,140.4,0,-0.5796,0.0015,5
Fri,Jan 20 2023,SPX230120C04150000,75.4,-16.25,76.7,78.1,200,0.4138,0.0015,9872,4150,SPX230120P04150000,163,28.8,140.8,143,750,-0.5872,0.0015,8334
Fri,Jan 20 2023,SPX230120C04155000,67.92,-21.23,74.4,75.8,2,0.4062,0.0015,73,4155,SPX230120P04155000,0,0,143.5,145.7,0,-0.5947,0.0015,0
Fri,Jan 20 2023,SPX230120C04160000,65.57,-20.93,72.3,73.6,52,0.3987,0.0015,676,4160,SPX230120P04160000,250.66,0,146.3,148.5,0,-0.6023,0.0015,210
Fri,Jan 20 2023,SPX230120C04165000,63.52,-20.83,70.1,71.4,2,0.3911,0.0015,37,4165,SPX230120P04165000,0,0,149.1,151.3,0,-0.6098,0.0015,0
Fri,Jan 20 2023,SPX230120C04170000,61.6,-20.4,67.9,69.2,2,0.3836,0.0015,479,4170,SPX230120P04170000,148.2,0,151.9,154.1,0,-0.6174,0.0015,291
Fri,Jan 20 2023,SPX230120C04175000,54.94,-24.76,65.8,67.1,1201,0.376,0.0015,3915,4175,SPX230120P04175000,151.43,0,154.6,157,0,-0.6249,0.0015,137
Fri,Jan 20 2023,SPX230120C04180000,63.25,-14.15,63.7,65,2,0.3685,0.0014,249,4180,SPX230120P04180000,223.7,0,157.5,159.8,0,-0.6325,0.0014,128
Fri,Jan 20 2023,SPX230120C04185000,71.95,0,61.6,62.9,0,0.361,0.0014,31,4185,SPX230120P04185000,0,0,160.6,162.8,0,-0.64,0.0014,0
Fri,Jan 20 2023,SPX230120C04190000,70.25,0,59.7,61,0,0.3535,0.0014,516,4190,SPX230120P04190000,451.92,0,163.6,165.8,0,-0.6475,0.0014,48
Fri,Jan 20 2023,SPX230120C04195000,48.6,-22.1,57.8,59,44,0.346,0.0014,9,4195,SPX230120P04195000,162.29,0,166.6,168.8,0,-0.655,0.0014,60
Fri,Jan 20 2023,SPX230120C04200000,56.76,-11.99,55.8,57,1749,0.3385,0.0014,22303,4200,SPX230120P04200000,174.53,13.53,169.5,171.9,50,-0.6625,0.0014,15084
Fri,Jan 20 2023,SPX230120C04205000,52.65,-14.35,54,55.2,22,0.3311,0.0014,227,4205,SPX230120P04205000,0,0,172.8,175,0,-0.6699,0.0014,0
Fri,Jan 20 2023,SPX230120C04210000,52.86,-11.79,52.1,53.3,182,0.3237,0.0014,511,4210,SPX230120P04210000,543.05,0,175.8,178.1,0,-0.6773,0.0014,18
Fri,Jan 20 2023,SPX230120C04215000,52,-9.9,50.3,51.5,2,0.3163,0.0014,49,4215,SPX230120P04215000,238.57,0,179.1,181.3,0,-0.6846,0.0014,2
Fri,Jan 20 2023,SPX230120C04220000,49.39,-11.16,48.6,49.8,43,0.309,0.0014,467,4220,SPX230120P04220000,170.85,0,182.2,184.5,0,-0.692,0.0014,55
Fri,Jan 20 2023,SPX230120C04225000,42.82,-16.33,47.1,48,257,0.3017,0.0014,2564,4225,SPX230120P04225000,266.16,0,185.5,187.8,0,-0.6992,0.0014,83
Fri,Jan 20 2023,SPX230120C04230000,47.87,-8.88,45.4,46.3,2,0.2945,0.0014,146,4230,SPX230120P04230000,186.69,6.39,188.8,191.1,2,-0.7064,0.0014,74
Fri,Jan 20 2023,SPX230120C04235000,46.22,-8.88,43.8,44.7,1,0.2874,0.0014,84,4235,SPX230120P04235000,0,0,192.3,194.5,0,-0.7136,0.0014,0
Fri,Jan 20 2023,SPX230120C04240000,42.06,-10.64,42,43.1,4,0.2802,0.0014,794,4240,SPX230120P04240000,251.6,0,195.5,197.9,0,-0.7207,0.0014,173
Fri,Jan 20 2023,SPX230120C04245000,35.45,-16.3,40.7,41.6,42,0.2732,0.0013,166,4245,SPX230120P04245000,291,0,198.9,201.3,0,-0.7278,0.0013,500
Fri,Jan 20 2023,SPX230120C04250000,40.9,-8.95,39.1,40,1415,0.2662,0.0013,15669,4250,SPX230120P04250000,231.17,39.42,200.8,205.6,2,-0.7348,0.0013,8614
Fri,Jan 20 2023,SPX230120C04255000,34.02,-14.28,37.6,38.6,3,0.2593,0.0013,13,4255,SPX230120P04255000,0,0,204.2,209.1,0,-0.7417,0.0013,0
Fri,Jan 20 2023,SPX230120C04260000,37.2,-9.35,36.1,37.1,41,0.2525,0.0013,1152,4260,SPX230120P04260000,479.31,0,207.7,212.7,0,-0.7485,0.0013,139
Fri,Jan 20 2023,SPX230120C04265000,35.45,-9.5,35,35.7,37,0.2457,0.0013,37,4265,SPX230120P04265000,212.99,0,211.2,216.3,0,-0.7553,0.0013,1
Fri,Jan 20 2023,SPX230120C04270000,34.4,-8.75,33.4,34.4,5,0.239,0.0013,318,4270,SPX230120P04270000,489.28,0,214.8,220,0,-0.762,0.0013,84
Fri,Jan 20 2023,SPX230120C04275000,32.9,-8.75,32.4,33.1,26,0.2324,0.0012,1953,4275,SPX230120P04275000,233.9,0,213.9,225.8,0,-0.7686,0.0012,346
Fri,Jan 20 2023,SPX230120C04280000,31.8,-8.65,31.1,31.8,13,0.2259,0.0012,632,4280,SPX230120P04280000,320.49,0,222.1,227.5,0,-0.7751,0.0012,110
Fri,Jan 20 2023,SPX230120C04285000,30.5,-8.45,29.7,30.5,8,0.2195,0.0012,91,4285,SPX230120P04285000,0,0,225.7,231.2,0,-0.7815,0.0012,0
Fri,Jan 20 2023,SPX230120C04290000,29.3,-8.45,28.7,29.3,17,0.2131,0.0012,1400,4290,SPX230120P04290000,212.47,0,229.4,235.1,0,-0.7879,0.0012,97
Fri,Jan 20 2023,SPX230120C04295000,28.1,-8.2,27.4,28.1,6,0.2069,0.0012,18,4295,SPX230120P04295000,0,0,233.3,239,0,-0.7941,0.0012,0
Fri,Jan 20 2023,SPX230120C04300000,26.8,-8.1,26.3,27,1715,0.2007,0.0012,19186,4300,SPX230120P04300000,241.2,0,237.3,242.8,0,-0.8003,0.0012,7482
Fri,Jan 20 2023,SPX230120C04305000,25.14,-8.41,25.2,25.9,2,0.1946,0.0011,0,4305,SPX230120P04305000,0,0,240.8,246.8,0,-0.8063,0.0011,0
Fri,Jan 20 2023,SPX230120C04310000,24.1,-8.35,24.2,24.8,97,0.1887,0.0011,641,4310,SPX230120P04310000,313.79,0,244.9,250.9,0,-0.8123,0.0011,252
Fri,Jan 20 2023,SPX230120C04315000,0,0,23.1,23.8,0,0.1828,0.0011,0,4315,SPX230120P04315000,0,0,244.8,256.2,0,-0.8181,0.0011,0
Fri,Jan 20 2023,SPX230120C04320000,20.72,-9.58,22.2,22.8,13,0.1771,0.0011,323,4320,SPX230120P04320000,256.4,0,248.8,260.2,0,-0.8239,0.0011,45
Fri,Jan 20 2023,SPX230120C04325000,21.54,-7.46,21.2,21.9,125,0.1714,0.0011,600,4325,SPX230120P04325000,361.81,0,252.8,264.2,0,-0.8296,0.0011,84
Fri,Jan 20 2023,SPX230120C04330000,19.63,-8.22,20.3,20.9,4,0.1659,0.001,1292,4330,SPX230120P04330000,227.68,0,256.9,268.2,0,-0.8351,0.001,29
Fri,Jan 20 2023,SPX230120C04340000,17.7,-8.05,18.7,19.2,6,0.1551,0.001,378,4340,SPX230120P04340000,252.58,0,264.7,276.3,0,-0.8458,0.001,96
Fri,Jan 20 2023,SPX230120C04350000,17.07,-6.68,17.1,17.5,528,0.1448,0.001,12463,4350,SPX230120P04350000,283.64,0,273.3,284.3,0,-0.8562,0.001,1653
Fri,Jan 20 2023,SPX230120C04360000,15.46,-6.44,15.6,16,1,0.1349,0.0009,1047,4360,SPX230120P04360000,696.35,0,281.8,292.7,0,-0.866,0.0009,5
Fri,Jan 20 2023,SPX230120C04370000,15.99,-4.11,14.2,14.6,109,0.1255,0.0009,391,4370,SPX230120P04370000,245,0,290.4,301.1,0,-0.8754,0.0009,32
Fri,Jan 20 2023,SPX230120C04375000,13.3,-6,13.5,13.9,111,0.121,0.0009,4407,4375,SPX230120P04375000,498.32,0,298.2,305.4,0,-0.88,0.0009,32
Fri,Jan 20 2023,SPX230120C04380000,13.35,-5.15,12.9,13.3,36,0.1166,0.0008,4276,4380,SPX230120P04380000,337.42,0,302.2,309.5,0,-0.8844,0.0008,2
Fri,Jan 20 2023,SPX230120C04390000,11.21,-5.79,11.7,12.1,5,0.1081,0.0008,736,4390,SPX230120P04390000,262.56,0,311.1,318.4,0,-0.8929,0.0008,1
Fri,Jan 20 2023,SPX230120C04400000,11.07,-4.53,10.6,11,201,0.1001,0.0008,18701,4400,SPX230120P04400000,316,9.5,320.7,326.4,1,-0.9009,0.0008,4514
Fri,Jan 20 2023,SPX230120C04410000,9.8,-4.6,9.7,10,10,0.0925,0.0007,599,4410,SPX230120P04410000,381.88,0,328.5,336.3,0,-0.9084,0.0007,6
Fri,Jan 20 2023,SPX230120C04420000,7.05,-6.1,8.7,9.1,1,0.0854,0.0007,159,4420,SPX230120P04420000,360.65,0,334.4,346.1,0,-0.9156,0.0007,45
Fri,Jan 20 2023,SPX230120C04425000,8.46,-4.14,8.3,8.6,22,0.082,0.0007,1524,4425,SPX230120P04425000,391.95,0,342.1,350.2,0,-0.919,0.0007,9
Fri,Jan 20 2023,SPX230120C04430000,7.75,-4.3,7.9,8.2,4,0.0787,0.0006,179,4430,SPX230120P04430000,364.2,30.95,346.6,354.8,1,-0.9222,0.0006,3
Fri,Jan 20 2023,SPX230120C04440000,5.83,-5.22,7.1,7.5,1,0.0725,0.0006,594,4440,SPX230120P04440000,365.74,0,355.5,363.8,0,-0.9285,0.0006,1
Fri,Jan 20 2023,SPX230120C04450000,6.5,-3.6,6.5,6.8,26,0.0666,0.0006,6418,4450,SPX230120P04450000,379.4,27.8,366.3,371.9,2,-0.9343,0.0006,2422
Fri,Jan 20 2023,SPX230120C04460000,5.3,-3.95,5.8,6.1,10,0.0612,0.0005,278,4460,SPX230120P04460000,489.99,0,373.9,382.5,0,-0.9397,0.0005,1
Fri,Jan 20 2023,SPX230120C04470000,4.6,-3.85,5.3,5.5,8,0.0562,0.0005,324,4470,SPX230120P04470000,433.33,0,379.9,392.3,0,-0.9448,0.0005,72
Fri,Jan 20 2023,SPX230120C04475000,5.1,-2.95,5,5.3,24,0.0538,0.0005,2036,4475,SPX230120P04475000,437.83,0,387.9,396.6,0,-0.9471,0.0005,3
Fri,Jan 20 2023,SPX230120C04480000,4.61,-3.14,4.8,5,3,0.0516,0.0005,200,4480,SPX230120P04480000,441.86,0,392.6,401.4,0,-0.9494,0.0005,2
Fri,Jan 20 2023,SPX230120C04490000,4.45,-2.6,4.3,4.6,5,0.0473,0.0004,149,4490,SPX230120P04490000,825.87,0,402.2,411.1,0,-0.9537,0.0004,4
Fri,Jan 20 2023,SPX230120C04500000,4.3,-2.1,3.9,4.1,54,0.0433,0.0004,45676,4500,SPX230120P04500000,528,0,413.9,419,0,-0.9577,0.0004,3820
Fri,Jan 20 2023,SPX230120C04510000,3.5,-2.35,3.5,3.8,10,0.0397,0.0004,185,4510,SPX230120P04510000,867.98,0,421.2,430.2,0,-0.9613,0.0004,1
Fri,Jan 20 2023,SPX230120C04520000,2.77,-2.58,3.2,3.4,12,0.0363,0.0004,96,4520,SPX230120P04520000,478.08,0,427.4,439.9,0,-0.9646,0.0004,1
Fri,Jan 20 2023,SPX230120C04525000,3.6,-1.5,3,3.3,14,0.0348,0.0003,518,4525,SPX230120P04525000,482.73,0,432.2,444.7,0,-0.9662,0.0003,1
Fri,Jan 20 2023,SPX230120C04530000,2.55,-2.35,2.9,3.1,100,0.0333,0.0003,122,4530,SPX230120P04530000,519.05,0,440.1,449.3,0,-0.9677,0.0003,9
Fri,Jan 20 2023,SPX230120C04540000,2.37,-2.08,2.6,2.8,1,0.0305,0.0003,683,4540,SPX230120P04540000,448.94,0,450,459.2,0,-0.9705,0.0003,5
Fri,Jan 20 2023,SPX230120C04550000,2.9,-1.15,2.35,2.55,19,0.028,0.0003,4121,4550,SPX230120P04550000,582.3,0,459.4,468.7,0,-0.973,0.0003,1680
Fri,Jan 20 2023,SPX230120C04560000,1.91,-1.79,2.15,2.3,3,0.0256,0.0003,47,4560,SPX230120P04560000,383.39,0,469.1,478.5,0,-0.9753,0.0003,1
Fri,Jan 20 2023,SPX230120C04570000,1.75,-1.65,1.95,2.1,124,0.0235,0.0002,208,4570,SPX230120P04570000,542.18,0,475.8,488.4,0,-0.9774,0.0002,3
Fri,Jan 20 2023,SPX230120C04575000,1.94,-1.26,1.85,2.05,15,0.0226,0.0002,621,4575,SPX230120P04575000,546.93,0,480.6,493.3,0,-0.9784,0.0002,3
Fri,Jan 20 2023,SPX230120C04580000,2.78,0,1.75,1.95,0,0.0216,0.0002,115,4580,SPX230120P04580000,603.2,0,485.5,498.2,0,-0.9794,0.0002,15
Fri,Jan 20 2023,SPX230120C04590000,1.8,-1.025,1.6,1.75,10,0.0199,0.0002,211,4590,SPX230120P04590000,611.83,0,495.3,507.9,0,-0.9811,0.0002,0
Fri,Jan 20 2023,SPX230120C04600000,1.6,-0.975,1.45,1.65,28,0.0183,0.0002,11258,4600,SPX230120P04600000,499.6,0,510.5,515.9,0,-0.9827,0.0002,3848
Fri,Jan 20 2023,SPX230120C04610000,2.51,0,1.35,1.5,0,0.0169,0.0002,177,4610,SPX230120P04610000,0,0,514.9,527.5,0,-0.9841,0.0002,0
Fri,Jan 20 2023,SPX230120C04620000,1.12,0,1.2,1.35,0,0.0156,0.0002,109,4620,SPX230120P04620000,615.93,0,524.7,537.4,0,-0.9854,0.0002,3
Fri,Jan 20 2023,SPX230120C04625000,1.4,-0.675,1.15,1.3,9,0.015,0.0002,269,4625,SPX230120P04625000,620.88,0,529.6,542.3,0,-0.986,0.0002,3
Fri,Jan 20 2023,SPX230120C04650000,1.02,-0.655,0.9,1.1,3,0.0123,0.0001,9662,4650,SPX230120P04650000,577,36.05,559.9,565.1,1,-0.9886,0.0001,1442
Fri,Jan 20 2023,SPX230120C04675000,0.82,-0.555,0.75,0.9,1,0.0103,0.0001,154,4675,SPX230120P04675000,0,0,578.8,591.6,0,-0.9907,0.0001,0
Fri,Jan 20 2023,SPX230120C04700000,0.65,-0.475,0.6,0.75,2,0.0086,0.0001,6145,4700,SPX230120P04700000,684.07,0,609.2,614.5,0,-0.9923,0.0001,2486
Fri,Jan 20 2023,SPX230120C04725000,0.6,-0.325,0.5,0.65,18,0.0073,0.0001,206,4725,SPX230120P04725000,0,0,628.2,641,0,-0.9936,0.0001,0
Fri,Jan 20 2023,SPX230120C04750000,0.7,0,0.4,0.55,0,0.0063,0.0001,3523,4750,SPX230120P04750000,733.42,0,653.6,665.8,0,-0.9947,0.0001,326
Fri,Jan 20 2023,SPX230120C04775000,0.39,0,0.3,0.45,0,0.0054,0.0001,293,4775,SPX230120P04775000,0,0,677.7,690.5,0,-0.9956,0.0001,0
Fri,Jan 20 2023,SPX230120C04800000,0.5,0,0.25,0.4,0,0.0047,0,10054,4800,SPX230120P04800000,814.92,0,702.5,715.3,0,-0.9963,0,324
Fri,Jan 20 2023,SPX230120C04825000,0.25,0,0.2,0.35,0,0.0041,0,234,4825,SPX230120P04825000,990.08,0,727.3,740.2,0,-0.9968,0,5
Fri,Jan 20 2023,SPX230120C04850000,0.25,-0.125,0.2,0.3,4,0.0036,0,4153,4850,SPX230120P04850000,1015.38,0,752.1,765,0,-0.9973,0,431
Fri,Jan 20 2023,SPX230120C04900000,0.3,0,0.15,0.25,0,0.0029,0,8717,4900,SPX230120P04900000,950.42,0,801.7,814.6,0,-0.9981,0,95
Fri,Jan 20 2023,SPX230120C04950000,0.75,0,0.1,0.25,0,0.0024,0,2364,4950,SPX230120P04950000,1000.15,0,851.3,864.3,0,-0.9986,0,144
Fri,Jan 20 2023,SPX230120C05000000,0.15,-0.05,0.1,0.2,759,0.002,0,68166,5000,SPX230120P05000000,919.95,32.55,907.1,911.7,750,-0.999,0,60828
Fri,Jan 20 2023,SPX230120C05050000,0.2,0,0.05,0.2,0,0.0016,0,2835,5050,SPX230120P05050000,1467.76,0,950.6,963.7,0,-0.9993,0,106
Fri,Jan 20 2023,SPX230120C05100000,0.17,0,0.05,0.15,0,0.0014,0,11543,5100,SPX230120P05100000,1101.78,0,1000.3,1013.4,0,-0.9996,0,124
Fri,Jan 20 2023,SPX230120C05150000,0.15,0,0,0.15,0,0.0012,0,3158,5150,SPX230120P05150000,0,0,1049.9,1063.1,0,-0.9998,0,5
Fri,Jan 20 2023,SPX230120C05200000,0.05,0,0,0.15,0,0.001,0,5394,5200,SPX230120P05200000,1113.5,0,1099.6,1112.8,0,-0.9999,0,30
Fri,Jan 20 2023,SPX230120C05250000,0.05,0,0,0.1,0,0.0009,0,3349,5250,SPX230120P05250000,1161.06,0,1149.2,1162.5,0,-1,0,26
Fri,Jan 20 2023,SPX230120C05300000,0.1,0,0,0.05,0,0.0008,0,4730,5300,SPX230120P05300000,1597,0,1198.9,1212.2,0,-1,0,43
Fri,Jan 20 2023,SPX230120C05350000,0.05,0,0,0.05,0,0.0007,0,929,5350,SPX230120P05350000,0,0,1248.6,1261.9,0,-1,0,2
Fri,Jan 20 2023,SPX230120C05400000,0.05,0,0,0.05,0,0.0006,0,1654,5400,SPX230120P05400000,1728.54,0,1298.2,1311.6,0,-1,0,19
Fri,Jan 20 2023,SPX230120C05450000,0.09,0,0,0.1,0,0.0006,0,1106,5450,SPX230120P05450000,0,0,1347.9,1361.3,0,-1,0,13
Fri,Jan 20 2023,SPX230120C05500000,0.05,0,0,0.05,0,0.0005,0,5247,5500,SPX230120P05500000,0,0,1397.6,1411,0,-1,0,7
Fri,Jan 20 2023,SPX230120C05600000,0.05,0,0,0.05,0,0.0004,0,4769,5600,SPX230120P05600000,1902.14,0,1496.9,1510.5,0,-1,0,23
Fri,Jan 20 2023,SPX230120C05800000,0.05,0,0,0.05,0,0.0003,0,6402,5800,SPX230120P05800000,1980.74,0,1695.6,1709.3,0,-1,0,432
Fri,Jan 20 2023,SPX230120C06000000,0.07,0,0,0.05,0,0.0002,0,8144,6000,SPX230120P06000000,2000.83,0,1894.3,1908.2,0,-1,0,68
Fri,Jan 20 2023,SPX230120C06200000,0.05,0,0,0.05,0,0.0001,0,3494,6200,SPX230120P06200000,2203.61,0,2093.6,2107,0,-1,0,195
Fri,Jan 20 2023,SPX230120C06400000,0.05,0,0,0.05,0,0.0001,0,735,6400,SPX230120P06400000,2219.69,0,2292.3,2305.8,0,-1,0,1
Fri,Jan 20 2023,SPX230120C06600000,0.05,0,0,0.05,0,0.0001,0,268,6600,SPX230120P06600000,0,0,2491,2504.7,0,-1,0,2
Fri,Jan 20 2023,SPX230120C06800000,0.05,0,0,0.05,0,0.0001,0,615,6800,SPX230120P06800000,0,0,2689.7,2703.6,0,-1,0,21
Fri,Jan 20 2023,SPX230120C07000000,0.1,0,0,0.05,0,0,0,1003,7000,SPX230120P07000000,3294.9,0,2888.4,2902.4,0,-1,0,559
Fri,Jan 20 2023,SPX230120C07200000,0.03,0,0,0.05,0,0,0,2113,7200,SPX230120P07200000,3151.86,0,3087.1,3101.3,0,-1,0,799
